{
	"Category": [{
		"CatId": 1,
		"CatImgUrl": "https://viaviweb.in/envato/cc/jobs_app_demo/images/16567_accounting.png",
		"CatName": "Accounting"
	}, {
		"CatId": 2,
		"CatImgUrl": "https://viaviweb.in/envato/cc/jobs_app_demo/images/662_banking.png",
		"CatName": "Banking"
	}, {
		"CatId": 3,
		"CatImgUrl": "https://viaviweb.in/envato/cc/jobs_app_demo/images/21737_engineering.png",
		"CatName": "Engineering"
	}, {
		"CatId": 4,
		"CatImgUrl": "https://viaviweb.in/envato/cc/jobs_app_demo/images/33294_finance.png",
		"CatName": "Finance"
	}, {
		"CatId": 5,
		"CatImgUrl": "https://viaviweb.in/envato/cc/jobs_app_demo/images/94918_health_care.png",
		"CatName": "Health Care"
	}, {
		"CatId": 6,
		"CatImgUrl": "https://viaviweb.in/envato/cc/jobs_app_demo/images/41537_management.png",
		"CatName": "Management"
	}, {
		"CatId": 7,
		"CatImgUrl": "https://viaviweb.in/envato/cc/jobs_app_demo/images/98980_manufacturing.png",
		"CatName": "Manufacturing"
	}, {
		"CatId": 8,
		"CatImgUrl": "https://viaviweb.in/envato/cc/jobs_app_demo/images/73446_marketing.png",
		"CatName": "Marketing"
	}, {
		"CatId": 9,
		"CatImgUrl": "https://viaviweb.in/envato/cc/jobs_app_demo/images/62258_medical.png",
		"CatName": "Medical"
	}, {
		"CatId": 10,
		"CatImgUrl": "https://viaviweb.in/envato/cc/jobs_app_demo/images/73272_other.png",
		"CatName": "Other"
	}, {
		"CatId": 11,
		"CatImgUrl": "https://viaviweb.in/envato/cc/jobs_app_demo/images/33773_railway.png",
		"CatName": "Railway"
	}, {
		"CatId": 12,
		"CatImgUrl": "https://viaviweb.in/envato/cc/jobs_app_demo/images/14331_teacher.png",
		"CatName": "Teacher"
	}]
}