{
	"latest_job": [{
		"id": "27",
		"cat_id": "4",
		"city_id": "7",
		"job_type": "Full Time",
		"job_name": "Laravel Developer",
		"job_designation": "Devloper",
		"job_desc": "<p>A Laravel developer is responsible for: building and maintaining modern web applications using standard web development tools. writing clean and secure modular codes that have undergone strict testing and evaluation. checking the validity and consistency of HTML, CSS, and JavaScript on different platforms.<\/p>\r\n",
		"job_salary": "15,0000",
		"job_company_name": "Travel Advisor",
		"job_company_website": "http://londonjob.com",
		"job_phone_number": "+447000000",
		"job_mail": "info@londonjob.com",
		"job_vacancy": "4",
		"job_address": "Lorem ipsum dolor Bangalore.",
		"job_qualification": "",
		"job_skill": "Php",
		"job_experince": "3 Years",
		"job_work_day": "Mon-Fri",
		"job_work_time": "9AM-5Pm",
		"job_map_latitude": "22.2736308",
		"job_map_longitude": "70.7512554",
		"job_image": "https://i.ibb.co/jrPMWqP/image1.jpg",
		"job_image_thumb": "https://i.ibb.co/jrPMWqP/image1.jpg",
		"job_date": "03\/25\/2021",
		"cid": "4",
		"category_name": "Finance",
		"category_image": "https:\/\/viaviweb.in\/envato\/cc\/jobs_app_demo\/images\/33294_finance.png",
		"category_image_thumb": "https:\/\/viaviweb.in\/envato\/cc\/jobs_app_demo\/images\/thumbs\/33294_finance.png",
		"is_favourite": "false"
	}, {
		"id": "26",
		"cat_id": "6",
		"city_id": "10",
		"job_type": "Half Time",
		"job_name": "Angular Js Developer",
		"job_designation": "MEAN Stack Developer",
		"job_desc": "<p>expedita distinctio. At vero eos et accusamus et iusto Lorem ipsum dolor sit amet, consectetur adipiscing...odio dignissimos ducimusexpedita distinctio. At vero eos et accusamus et iusto odio dignissimos ducimus<\/p>\r\n",
		"job_salary": "15,000",
		"job_company_name": "Php Programers",
		"job_company_website": "http:\/\/viaviweb.com\/",
		"job_phone_number": "+911236547895",
		"job_mail": "viaviwebtech@gmail.com",
		"job_vacancy": "5",
		"job_address": "Lorem ipsum dolor Morbi.",
		"job_qualification": "Graduation",
		"job_skill": "jquery",
		"job_experince": "5 Years",
		"job_work_day": "Mon-Fri",
		"job_work_time": "9Am-6Pm",
		"job_map_latitude": "22.2736308",
		"job_map_longitude": "70.7512554",
		"job_image": "http:\/\/viaviweb.in\/envato\/cc\/jobs_app_demo\/images\/87354_16527.jpg",
		"job_image_thumb": "http:\/\/viaviweb.in\/envato\/cc\/jobs_app_demo\/images\/thumbs\/87354_16527.jpg",
		"job_date": "03\/26\/2020",
		"cid": "6",
		"category_name": "Management",
		"category_image": "http:\/\/viaviweb.in\/envato\/cc\/jobs_app_demo\/images\/41537_management.png",
		"category_image_thumb": "http:\/\/viaviweb.in\/envato\/cc\/jobs_app_demo\/images\/thumbs\/41537_management.png",
		"is_favourite": "false"
	}, {
		"id": "25",
		"cat_id": "3",
		"city_id": "9",
		"job_type": "Full Time",
		"job_name": "Angular Js Developer",
		"job_designation": "MEAN Stack Developer",
		"job_desc": "Lorem ipsam\r\n",
		"job_salary": "15000",
		"job_company_name": "RK Infotech",
		"job_company_website": "http:\/\/viaviweb.com",
		"job_phone_number": "+911234569874",
		"job_mail": "viaviwebtech@gmail.com",
		"job_vacancy": "2",
		"job_address": "Lorem ipsum dolor  Rajkot.",
		"job_qualification": "Graduation",
		"job_skill": "Angular Js, Javascript, Jquery",
		"job_experince": "1",
		"job_work_day": "Monday - Friday",
		"job_work_time": "9 AM to 6 PM",
		"job_map_latitude": "22.3039",
		"job_map_longitude": "70.8022",
		"job_image": "http:\/\/viaviweb.in\/envato\/cc\/jobs_app_demo\/images\/33304.jpg",
		"job_image_thumb": "http:\/\/viaviweb.in\/envato\/cc\/jobs_app_demo\/images\/thumbs\/33304.jpg",
		"job_date": "03\/24\/2020",
		"cid": "3",
		"category_name": "Engineering",
		"category_image": "http:\/\/viaviweb.in\/envato\/cc\/jobs_app_demo\/images\/21737_engineering.png",
		"category_image_thumb": "http:\/\/viaviweb.in\/envato\/cc\/jobs_app_demo\/images\/thumbs\/21737_engineering.png",
		"is_favourite": "false"
	}, {
		"id": "19",
		"cat_id": "9",
		"city_id": "15",
		"job_type": "Half Time",
		"job_name": "Medicine Supervisor",
		"job_designation": "Experienced Professional",
		"job_desc": "<p>Lorem ipsum dolor sit amet, consectetur adipiscing elit. Sed pretium nunc non justo placerat pulvinar. Vestibulum ac ullamcorper sapien, nec scelerisque ipsum. Aliquam in tempus nulla. Curabitur ac pulvinar elit. Donec sed iaculis lorem. Duis at fermentum odio, ut mattis risus. Mauris molestie mi a dignissim eleifend. Nam sit amet facilisis odio, ac ornare quam. Donec a arcu at leo interdum viverra vulputate vitae odio. Aliquam erat volutpat. Vivamus aliquam interdum ex a condimentum. Sed mollis maximus cursus. Aenean vitae malesuada tellus. Aenean tristique porta massa. Fusce at nisl vitae dui consectetur pharetra. Praesent non ipsum dui.<\/p>\r\n",
		"job_salary": "10,000",
		"job_company_name": "Pharma Tech Inc",
		"job_company_website": "http:\/\/viaviweb.com\/",
		"job_phone_number": "7410321568",
		"job_mail": "info@viaviweb.com",
		"job_vacancy": "3",
		"job_address": "El Dorado, Arkansas,  Mudra",
		"job_qualification": "MPhil\/MS",
		"job_skill": "Marketing",
		"job_experince": "3 Years",
		"job_work_day": "Mon-Fri",
		"job_work_time": "9AP-4Pm",
		"job_map_latitude": "22.2736308",
		"job_map_longitude": "70.7512554",
		"job_image": "http:\/\/viaviweb.in\/envato\/cc\/jobs_app_demo\/images\/52621.jpg",
		"job_image_thumb": "http:\/\/viaviweb.in\/envato\/cc\/jobs_app_demo\/images\/thumbs\/52621.jpg",
		"job_date": "03\/25\/2020",
		"cid": "9",
		"category_name": "Medical",
		"category_image": "http:\/\/viaviweb.in\/envato\/cc\/jobs_app_demo\/images\/62258_medical.png",
		"category_image_thumb": "http:\/\/viaviweb.in\/envato\/cc\/jobs_app_demo\/images\/thumbs\/62258_medical.png",
		"is_favourite": "false"
	}, {
		"id": "18",
		"cat_id": "11",
		"city_id": "4",
		"job_type": "Hourly",
		"job_name": "Dot Developer",
		"job_designation": "Experienced Professional",
		"job_desc": "<p>Lorem ipsum dolor sit amet, consectetur adipiscing elit. Sed pretium nunc non justo placerat pulvinar. Vestibulum ac ullamcorper sapien, nec scelerisque ipsum. Aliquam in tempus nulla. Curabitur ac pulvinar elit. Donec sed iaculis lorem. Duis at fermentum odio, ut mattis risus. Mauris molestie mi a dignissim eleifend. Nam sit amet facilisis odio, ac ornare quam. Donec a arcu at leo interdum viverra vulputate vitae odio. Aliquam erat volutpat. Vivamus aliquam interdum ex a condimentum. Sed mollis maximus cursus. Aenean vitae malesuada tellus. Aenean tristique porta massa. Fusce at nisl vitae dui consectetur pharetra. Praesent non ipsum dui.<\/p>\r\n",
		"job_salary": "10,000",
		"job_company_name": "Surf wave",
		"job_company_website": "http:\/\/viaviweb.com\/",
		"job_phone_number": "7410321568",
		"job_mail": "info@viaviweb.com",
		"job_vacancy": "3",
		"job_address": "El Dorado, Arkansas, Delhi",
		"job_qualification": "MPhil\/MS",
		"job_skill": "Marketing",
		"job_experince": "3 Years",
		"job_work_day": "Mon-Fri",
		"job_work_time": "9AP-4Pm",
		"job_map_latitude": "22.2736308",
		"job_map_longitude": "70.7512554",
		"job_image": "http:\/\/viaviweb.in\/envato\/cc\/jobs_app_demo\/images\/31424.jpg",
		"job_image_thumb": "http:\/\/viaviweb.in\/envato\/cc\/jobs_app_demo\/images\/thumbs\/31424.jpg",
		"job_date": "03\/26\/2020",
		"cid": "11",
		"category_name": "Railway",
		"category_image": "http:\/\/viaviweb.in\/envato\/cc\/jobs_app_demo\/images\/33773_railway.png",
		"category_image_thumb": "http:\/\/viaviweb.in\/envato\/cc\/jobs_app_demo\/images\/thumbs\/33773_railway.png",
		"is_favourite": "false"
	}]
}